B0018OKG38,B007B33AVA,B00DU7JRDG,B00I7STF9O,B007B33AV0,B00FKH09NG,B0090XWEFC,B00G5142IY,B00J5Y4L20,B00F3N54D2,B00GUSNK9E,B0065LV6X8,B00EVGE6JA,B000WH9C50,B008003XIS,B002WN2SA8,B00FFQNVE6,B00FPCPD2I,B004LY7QNK,B002FCLA9G,B0032DVBQY,B003Z4R9RU,B00C79LMWM,B0013G5M76,B00FGOYUO2,B0012S8H3G,B00DUSENBG,B00ICCYO4G,B00G7YGRQY,B002M3G7IC,B0061IPABY
B0092OQN4C,B005RMSSX2,B00FMVAVCY,B00AKJPAE2,B00GS8JMVG,B0033BMPJM,B005IXCQGU,B00GS8JKDG,B005MH5JD4,B00FM20FGU,B00DGBTDN0,B005HURI6W,B005LVM4OI,B007JLBY0I,B00CFXRU30
B006CB31NO,B005SQ5HX6,B008PQL186,B009F7PEK0,B009AED6AI,B0087LK054,B009JME3YE,B00EFD7E3O,B009SNXFJ8,B00EFD47V6,B009O0WEEC,B00H2VSUCU,B00CDMH010,B00EFD7KTC,B00EFD7MFO,B004IZOCCK,B00CO24MX8,B00BBT9MBM,B00919G7P8,B006CBAG78,B00CO38BBQ,B00416WJ2Q,B00GGRFB1O,B00C4XHJFA
B00FHCH5UE,B00D3NFTIY,B00EX0JD9M,B00CP6193Y,B005O30Y8G,B005KJ3QGG,B00DH403DK,B00AM482O0,B00BSEGQ5K,B00E3W3N1O,B00EJZWGEA,B005LR3N88,B003Y6X96E,B000E96MSQ,B004QQ1LMU,B00AEKXSW8,B00ADVXB7K,B00J7XTPMU,B004SL1SBC,B006K416OY,B00EMMWRIK,B00F6873H4,B00AOAZLTG,B00GPZRX2C,B000FE5QO6,B000FE5QOG,B004RQXARI,B00FNHL8UQ,B005LU7ZT8,B009Z0A5N8,B0010Q34J2,B00FYWQVIE,B000X7QAI6,B00IX291AM,B00HJ1037I,B00DDPYWKS,B002I0CINC,B000VI2LQM,B005Q27ZE6,B004IA6R7I,B002ZCGROO,B004U7FWZC
B005HUQVXS,B00H4QMWAE,B00FL3QUO6,B00FPTIDFK,B00FPUXCUA,B000TNRKHO,B005HQ02Y6,B00GU3X92C,B008VX22W2,B00H3GIGE6,B005IL1RU8,B00GT7DWSU,B00EN6QBZA,B00EZ8I70S,B00EFPSJ5E,B00GT4LTTC,B007USW2J2,B00EZ8ACXS,B00EDMZBGE,B00GJ6R2Y6,B009ZLJP7E,B00EU6STX0,B009ZLJFEC
B001FRA49Y,B003WL6YO0,B00A2Z5BIE,B001PV8M8U,B009DPAAEO,B005O1BRLQ,B008Y1YTR2,B005FSMCUS,B000AY4LWY,B009DQH5G4,B001VE1ZJY,B00GNGQ7FW,B005HYTO6A,B0094HCNFK,B007RI9ZEU,B00EKBHS5A,B000FK40R4,B00HJ0JA7I,B00EZ8AQ3O,B00AR0NJ60,B006O37YCO,B000W0J5D6,B00F77WYWS,B005RQWZRI,B000VUD7BI,B0097B0LC0,B009DQ46ZM,B00I0EE19O,B00DSXB9EW,B00A6YA9X8,B00GNU16QI,B004EBBSQ6,B00D35D3AI,B00FPTIDHS,B000I09562,B00BHL4DFO,B00CPT4CQC
B005HUR5JM,B005HUR4RA,B00FO4VQO6,B002QFYYMW,B00IFQG2HQ,B005I6R6LW,B00FP0Z3G6,B00DAK95N0,B00FMX4WH2,B00ESG3C9S
B002VBWCV6,B00EMA0PAO,B0072UIUXA,B00CPM414M,B00ED0TTG4,B00355AYHG,B00IGI4OUA,B00ENF9NHY,B0018B5T4M,B007C7O34S,B00A2Z7BNM,B00HFWYPK2,B00EY6CEIW,B00IPQX5IU,B005G5R3KE,B007Z5WF7E,B005GSFJWA,B00C5146SO,B00AVA1QES,B004BPZTAG,B00D4YHQ6A,B00A431764
B00D3A75RA,B00G4EZBYQ,B00E566KWW,B00GNGOM5O,B00GNGPZIW,B00FHBNQZS,B00BN617XO,B00FHBNNN8,B00E566MX4,B00DZI8L7I,B00FHBN3PQ,B00D3A6QGG,B00FHBNW4S,B00AEYFGJ2,B00D3A8PKG
B00EEIRYFS,B009OGTOCQ,B00JIG3QTO,B003ZZLTBG,B00AXRCV0M,B00G9BMM82,B009SRLLAE,B00DQSVE4Y,B008NDZJ0W,B00FNHTQOQ,B008FA9UOY,B00FF5AHKI,B004JN08NI,B0021LH61M,B00FRKDFFK,B00F54JFDY,B003MPAIB6,B00CI1VD5A,B0089RUF10
B00FXNZPPE,B007NYF00Q,B002AKKM56,B002F4PG7Q,B009PVIKDY,B00E3OD84O,B00I97KDCG,B00I97KDC6,B00FAAJBK0,B00CFXRU3A
B007IR3NMU,B00F2JKA2M,B007MJAKQG,B00G9A4WQI,B00EWHYGMK,B009QWDGQS,B00ECEQZ0O,B00FC1WAUK,B008RKEMP4,B00FC1W7YY,B00A2YHQME,B005FEQ25S,B008RKEKIS,B00AOAVAIM,B00GXJFIXG
B00GBNB3TC,B008U4L50W,B006JSVV1O,B00JOZX85Q,B00FJI397Y,B00J6MUBR0,B009XJL09O,B00462B41M,B00G6T5TZ0,B00A401NPC,B00GA592DU,B0091KXJBW,B00DHMJVLW,B00FIVQBVI,B00G9CF4S6,B0067N8ZQU,B001PR49R2,B005CD9150,B005MSDXRC,B005FSMGRM,B00E46OLVK,B00G9CF8G4,B00GJRVTJE,B00FBEP6WM,B009L53QXI,B00A7349CA,B005CCIWIS,B00JOZX7WU,B00919H3SS,B00FOB5KXW
B00C8HCRZE,B00CLMGWM0,B008FC6FVI,B009FBCVC0,B0090Y2SMK,B008003OUA,B00DVMI7E0,B009FBCXF0,B00CF7J7W8,B00HUWK78G
B007KHXTXQ,B0059686CY,B00HPWPPTM,B006WPB5QA,B00F62DFYK,B009G1AJ82,B007KI3390,B00ADO4SWY,B00GYHUU2G,B0098ON4GG,B00GM43ETC,B001EHDJ6K,B0059D5SDC,B00GM43DH0,B0070ZY6YY,B00I2UXK9S,B00GB2PQH8,B00BDE2AZU,B00AEXW7QI,B000WG4EXG,B00GKPPPN6,B00IAD6XOQ,B00279C4OC,B007WIHCHW,B00FOBBO8C,B002P9SHOU,B00G27U4UG,B009196NE8,B00FNXVG4S,B0059BWBSO,B0099SC2KU,B009H4BFIG,B000FAR2HO
B00GT4DG4S,B001G8TFSI,B005U8ELRK,B005Q8O3CC,B000XR6UM2,B007UXPCDA,B00AH8E4IO,B004HM2LB8,B0019JYT5S,B006L9LM74,B009TFPUJ8,B0002PULPM,B006L9LJ4A,B000790YG4,B00C83BDOO,B00A9ZHI2E,B001HPMGPO,B00IZP1RO0,B00FA1MROQ,B00EJZUK3Y,B0053AWQFY,B004BGQP44
B0091UELGO,B0058EQLS8,B00HEP93KM,B005HGALYC,B00C51303Q,B0091UEE1G,B00FS1W5XG,B00EZ8DV9K
B00AJ1A23A,B003O2C6T4,B005EHWVZQ,B00DZVZD6M,B00E9WTRQ8,B00ANBTWE6,B000G5WW46,B00GH5E7OC,B009DRL6PO,B00E5BDHMI,B005MFG214,B00ESJ5GQM,B00J0BGGJE,B003AT0CD8,B00G6OSNTE,B00IX26TG6,B00F2RQE10,B00FMLYOEA,B002TXNFXA,B00454ZBRE,B00ESFUE9A,B00E24XXZO,B005943FPE,B00FMX9YIY
B00IA6VTO2,B00G1AKG5C,B00EZ8E5DG,B00IA6VPPK,B00F2DA9HO
B008RKF84S,B0092T8UGQ,B009MOXKPC,B002MUZVF0,B00GJV7TY4,B00BJU8G9C,B00474NTSK,B0034K22OU,B003CC1980,B00820XJZ8,B00FXHFWXA,B00B4ZU4SI,B000VHPUCA,B00FJL0BHM,B0047BYR0W,B003Y64K6M,B00FPJSAO4,B00AB0UB3U,B000RO619S,B002KIJWFY,B002WN2SZ8,B009OS3QQO,B00BP5MXJ0,B00BN6154U
B00EFD5L6G,B00F97Y3HA,B00F0TO6J2,B00EXL8DVK,B009SNXFJS,B00EZ8AMJ2,B00GKRU638,B00B61ZDD6,B00GND14DU,B00FH1PPHK,B00FVZG99K,B00919GAQY,B00EZ8NZM8,B005I0EIOQ,B008WNR4G0,B009SG9IM8,B009SNY2SQ,B00E7W71FE,B00DRPG9KU,B009OB103W
B0059BO6ZU,B00D8VL6Y2,B004C6WK5Q,B004BGSO3Y,B002Y0HZK2,B00EZ848J2,B000B6E8IS,B009DQ3KY0,B004C6KSYG,B009AFY8MW,B0058Y9K7M,B008B0ZQ5U,B00E5PBM94,B00GM45TDG,B007JNFMYK,B00E0WS5KG,B004J172IE,B008KWG0MC,B002PZTK5Y,B007JNFLEG,B00EFD7P2O,B009DLJAI0,B00A8J9D9W,B004UOFETO,B009DLANJK,B005LC5T1C,B009AG91KU
B00135Y1ME,B003DHIROS,B00A56Y5NC,B001362GIO,B00138TQ62
B009XSN76O,B005IYS5ZA,B00F2E81IW,B00EY6DYKE,B006P5TWVW,B00E6G9EU6,B006P5TO2Y,B00A05N9R6,B00ETISZPG,B00598T1B2,B0019RHW2W,B005ZU0FCS,B006M3MAOI,B007RCI7LS,B00JAFPN08,B005G5S6GO,B00CP66BGE,B003C1K9A0,B00G6Z08NM,B00BK12IF8,B006WUZ0MU,B001K3C09U,B00BK12IA8,B005705QJI,B002YUZN4C
B006XM1Z5I,B0052N3PES,B0052N3XVS
